class_id,class_name,precision,recall,f1,support
0,RELAX,0.23809523809523808,1.0,0.3846153846153846,5
1,FIST,0.0,0.0,0.0,11
2,PINCH,0.0,0.0,0.0,0
3,OK,0.0,0.0,0.0,0
4,YE,0.0,0.0,0.0,2
5,SIDEGRIP,0.0,0.0,0.0,3
